pair_id,drug_name,disease_name,expected_label,split,opentargets_available,drug_resolved_ot,disease_resolved_ot,n_disease_targets,n_drug_targets,n_overlapping_targets,has_target_overlap,opentargets_support_score,graph_available,drug_mapped_graph,disease_mapped_graph,has_graph_path,shortest_path_length,n_paths_len_2,n_paths_len_3,n_paths_len_4,graph_connectivity_score,pubmed_available,n_unique_pmids,n_pmids_direct,n_pmids_title_abstract,n_pmids_clinical,n_pmids_negative,n_pmids_mechanism,has_direct_evidence,has_clinical_evidence,has_negative_signal,has_mechanism_signal,abstract_available_rate,pubmed_evidence_score,unified_status,notes
repodb_019230a0310bf50c,Donepezil,Advanced cancer,negative_or_failed,dev,True,True,True,100.0,1.0,0.0,False,0.0,True,True,False,False,0.0,0.0,0.0,0.0,0.0,True,4.0,4.0,4.0,4.0,2.0,1.0,True,True,True,True,1.0,0.64873150258179,all_available,"repoDB label is a proxy approved/failed benchmark label. Open Targets support and graph connectivity are evidence features, not clinical truth. Graph disease mapping missing or failed."
repodb_04246cb3a1c31ef7,Progesterone,Premature Birth,negative_or_failed,test,True,True,True,100.0,1.0,1.0,True,0.4322713672763369,True,True,False,False,0.0,0.0,0.0,0.0,0.0,True,70.0,20.0,20.0,20.0,20.0,20.0,True,True,True,True,1.0,1.0,all_available,"repoDB label is a proxy approved/failed benchmark label. Open Targets support and graph connectivity are evidence features, not clinical truth. Graph disease mapping missing or failed."
repodb_04ab2c145755011f,Azacitidine,Myelofibrosis due to another disorder,negative_or_failed,test,True,True,False,0.0,2.0,0.0,False,0.0,True,True,False,False,0.0,0.0,0.0,0.0,0.0,True,27.0,20.0,0.0,20.0,15.0,15.0,True,True,True,True,1.0,0.9220189587716062,all_available,"repoDB label is a proxy approved/failed benchmark label. Open Targets support and graph connectivity are evidence features, not clinical truth. Graph disease mapping missing or failed."
repodb_04c33e977f1821df,Tacrolimus,recurrent adult diffuse mixed cell lymphoma,negative_or_failed,test,True,True,False,0.0,1.0,0.0,False,0.0,True,True,False,False,0.0,0.0,0.0,0.0,0.0,True,25.0,20.0,0.0,20.0,19.0,1.0,True,True,True,True,0.96,0.9059613126314262,all_available,"repoDB label is a proxy approved/failed benchmark label. Open Targets support and graph connectivity are evidence features, not clinical truth. Graph disease mapping missing or failed."
repodb_0557bc43eff59f45,Theophylline,Asthma,positive,dev,True,True,True,100.0,10.0,10.0,True,0.5342727590562883,True,True,False,False,0.0,0.0,0.0,0.0,0.0,True,67.0,20.0,20.0,20.0,20.0,20.0,True,True,True,True,0.875,1.0,all_available,"repoDB label is a proxy approved/failed benchmark label. Open Targets support and graph connectivity are evidence features, not clinical truth. Graph disease mapping missing or failed."
repodb_06eb7097e0e99337,Demeclocycline,Bronchitis,positive,test,True,True,True,100.0,0.0,0.0,False,0.0,True,True,True,True,1.0,0.0,0.0,0.0,1.0,True,16.0,16.0,1.0,16.0,4.0,0.0,True,True,True,False,0.0625,0.8138980192862569,all_available,"repoDB label is a proxy approved/failed benchmark label. Open Targets support and graph connectivity are evidence features, not clinical truth."
repodb_074e03e7fac6728e,Irinotecan,signet ring adenocarcinoma of the rectum,negative_or_failed,dev,True,True,True,1.0,1.0,0.0,False,0.0,True,True,False,False,0.0,0.0,0.0,0.0,0.0,True,1.0,1.0,0.0,1.0,1.0,0.0,True,True,True,False,1.0,0.2501904832236879,all_available,"repoDB label is a proxy approved/failed benchmark label. Open Targets support and graph connectivity are evidence features, not clinical truth. Graph disease mapping missing or failed."
repodb_093492dbf5eab05f,Norfloxacin,"Pneumonia, Bacterial",positive,test,True,True,True,65.0,0.0,0.0,False,0.0,True,True,False,False,0.0,0.0,0.0,0.0,0.0,True,1.0,1.0,0.0,1.0,0.0,1.0,True,True,False,True,1.0,0.4001904832236879,all_available,"repoDB label is a proxy approved/failed benchmark label. Open Targets support and graph connectivity are evidence features, not clinical truth. Graph disease mapping missing or failed."
repodb_0a65b90b3ed1bdce,Paclitaxel,Carcinoma breast stage IV,positive,test,True,True,True,100.0,15.0,0.0,False,0.0,True,True,False,False,0.0,0.0,0.0,0.0,0.0,True,44.0,20.0,0.0,20.0,20.0,20.0,True,True,True,True,1.0,1.0,all_available,"repoDB label is a proxy approved/failed benchmark label. Open Targets support and graph connectivity are evidence features, not clinical truth. Graph disease mapping missing or failed."
repodb_0b6a9edc9d19946a,Tamoxifen,Breast cancer recurrent,negative_or_failed,test,True,True,True,45.0,1.0,0.0,False,0.0,True,True,False,False,0.0,0.0,0.0,0.0,0.0,True,3.0,3.0,3.0,3.0,1.0,1.0,True,True,True,True,1.0,0.6003809664473758,all_available,"repoDB label is a proxy approved/failed benchmark label. Open Targets support and graph connectivity are evidence features, not clinical truth. Graph disease mapping missing or failed."
repodb_0b9f9f1795a16598,Aminophylline,Malignant neoplasm of lung,negative_or_failed,test,True,True,True,100.0,10.0,0.0,False,0.0,True,True,False,False,0.0,0.0,0.0,0.0,0.0,True,0.0,0.0,0.0,0.0,0.0,0.0,False,False,False,False,0.0,0.0,all_available,"repoDB label is a proxy approved/failed benchmark label. Open Targets support and graph connectivity are evidence features, not clinical truth. Graph disease mapping missing or failed."
repodb_0cb807513ccfb28d,Amikacin,Meningitis due to Klebsiella mobilis,positive,dev,True,True,False,0.0,0.0,0.0,False,0.0,True,True,False,False,0.0,0.0,0.0,0.0,0.0,True,4.0,4.0,0.0,4.0,1.0,0.0,True,True,True,False,1.0,0.4487315025817901,all_available,"repoDB label is a proxy approved/failed benchmark label. Open Targets support and graph connectivity are evidence features, not clinical truth. Graph disease mapping missing or failed."
repodb_0d57eaf7fcf55450,Valproic Acid,Absence Epilepsy,positive,test,True,True,True,100.0,1.0,0.0,False,0.0,True,True,True,True,1.0,0.0,0.0,0.0,1.0,True,50.0,20.0,20.0,20.0,20.0,20.0,True,True,True,True,0.96,1.0,all_available,"repoDB label is a proxy approved/failed benchmark label. Open Targets support and graph connectivity are evidence features, not clinical truth."
repodb_0ee62470d8ffb2ae,Cisplatin,Esophageal neoplasm metastatic,negative_or_failed,test,True,True,True,100.0,0.0,0.0,False,0.0,True,True,False,False,0.0,0.0,0.0,0.0,0.0,True,59.0,20.0,0.0,20.0,20.0,20.0,True,True,True,True,1.0,1.0,all_available,"repoDB label is a proxy approved/failed benchmark label. Open Targets support and graph connectivity are evidence features, not clinical truth. Graph disease mapping missing or failed."
repodb_0f3a4d1dcb0d3feb,Radium Ra 223 Dichloride,Malignant neoplasm of prostate,positive,test,True,True,True,100.0,0.0,0.0,False,0.0,True,True,False,False,0.0,0.0,0.0,0.0,0.0,True,0.0,0.0,0.0,0.0,0.0,0.0,False,False,False,False,0.0,0.0,all_available,"repoDB label is a proxy approved/failed benchmark label. Open Targets support and graph connectivity are evidence features, not clinical truth. Graph disease mapping missing or failed."
repodb_0f5d00f3cf88c277,Prednisolone,Bacterial keratitis,positive,test,True,True,True,18.0,1.0,0.0,False,0.0,True,True,False,False,0.0,0.0,0.0,0.0,0.0,True,21.0,20.0,13.0,20.0,4.0,2.0,True,True,True,True,1.0,0.9697641897061288,all_available,"repoDB label is a proxy approved/failed benchmark label. Open Targets support and graph connectivity are evidence features, not clinical truth. Graph disease mapping missing or failed."
repodb_1122a9139b179012,Chlorcyclizine,Allergic Conjunctivitis,positive,test,True,True,True,100.0,0.0,0.0,False,0.0,True,True,False,False,0.0,0.0,0.0,0.0,0.0,True,0.0,0.0,0.0,0.0,0.0,0.0,False,False,False,False,0.0,0.0,all_available,"repoDB label is a proxy approved/failed benchmark label. Open Targets support and graph connectivity are evidence features, not clinical truth. Graph disease mapping missing or failed."
repodb_11528074473e978b,Gemcitabine,stage IV grade 1 follicular lymphoma,negative_or_failed,test,True,True,False,0.0,14.0,0.0,False,0.0,True,True,False,False,0.0,0.0,0.0,0.0,0.0,True,1.0,1.0,0.0,1.0,1.0,0.0,True,True,True,False,1.0,0.2501904832236879,all_available,"repoDB label is a proxy approved/failed benchmark label. Open Targets support and graph connectivity are evidence features, not clinical truth. Graph disease mapping missing or failed."
repodb_118c436e16e1ab51,Paclitaxel,Testicular Germ Cell Tumor,negative_or_failed,test,True,True,True,100.0,15.0,0.0,False,0.0,True,True,True,True,1.0,1.0,0.0,0.0,1.0,True,16.0,16.0,9.0,16.0,9.0,6.0,True,True,True,True,1.0,0.9138980192862568,all_available,"repoDB label is a proxy approved/failed benchmark label. Open Targets support and graph connectivity are evidence features, not clinical truth."
repodb_130d9194853cab0c,Simeprevir,"Hepatitis C, Chronic",positive,test,True,True,True,100.0,0.0,0.0,False,0.0,True,True,False,False,0.0,0.0,0.0,0.0,0.0,True,52.0,20.0,5.0,20.0,20.0,20.0,True,True,True,True,0.9411764705882352,1.0,all_available,"repoDB label is a proxy approved/failed benchmark label. Open Targets support and graph connectivity are evidence features, not clinical truth. Graph disease mapping missing or failed."
repodb_156412c5163a4a0d,Meropenem,Complicated appendicitis,positive,dev,True,True,True,5.0,0.0,0.0,False,0.0,True,True,False,False,0.0,0.0,0.0,0.0,0.0,False,,,,,,,False,False,False,False,,,ot_graph_available,"repoDB label is a proxy approved/failed benchmark label. Open Targets support and graph connectivity are evidence features, not clinical truth. PubMed features missing for this pair. Graph disease mapping missing or failed."
repodb_186a003502efb4a4,Anastrozole,Breast cancer stage II,negative_or_failed,dev,True,True,True,100.0,1.0,1.0,True,0.1738363815598391,True,True,False,False,0.0,0.0,0.0,0.0,0.0,False,,,,,,,False,False,False,False,,,ot_graph_available,"repoDB label is a proxy approved/failed benchmark label. Open Targets support and graph connectivity are evidence features, not clinical truth. PubMed features missing for this pair. Graph disease mapping missing or failed."
repodb_1c9fe7093b750409,Voglibose,Gaucher Disease,positive,test,True,True,True,100.0,4.0,0.0,False,0.0,True,True,True,True,1.0,0.0,0.0,0.0,1.0,False,,,,,,,False,False,False,False,,,ot_graph_available,"repoDB label is a proxy approved/failed benchmark label. Open Targets support and graph connectivity are evidence features, not clinical truth. PubMed features missing for this pair."
repodb_1ec6c8c3ab8e153d,Famotidine,Duodenal Ulcer,positive,dev,True,True,True,100.0,1.0,1.0,True,0.4494726763416686,True,True,False,False,0.0,0.0,0.0,0.0,0.0,False,,,,,,,False,False,False,False,,,ot_graph_available,"repoDB label is a proxy approved/failed benchmark label. Open Targets support and graph connectivity are evidence features, not clinical truth. PubMed features missing for this pair. Graph disease mapping missing or failed."
repodb_1f4ca25eed5d6b3c,Everolimus,Malignant tumor of colon,negative_or_failed,test,True,True,True,100.0,1.0,0.0,False,0.0,True,True,False,False,0.0,0.0,0.0,0.0,0.0,False,,,,,,,False,False,False,False,,,ot_graph_available,"repoDB label is a proxy approved/failed benchmark label. Open Targets support and graph connectivity are evidence features, not clinical truth. PubMed features missing for this pair. Graph disease mapping missing or failed."
repodb_1f67590639394d16,Doxorubicin,stage IV adult diffuse large cell lymphoma,negative_or_failed,dev,True,True,False,0.0,1.0,0.0,False,0.0,True,True,False,False,0.0,0.0,0.0,0.0,0.0,False,,,,,,,False,False,False,False,,,ot_graph_available,"repoDB label is a proxy approved/failed benchmark label. Open Targets support and graph connectivity are evidence features, not clinical truth. PubMed features missing for this pair. Graph disease mapping missing or failed."
repodb_21e452ae84c99058,Melphalan,Malignant neoplasm of ovary,positive,test,True,True,True,100.0,0.0,0.0,False,0.0,True,True,False,False,0.0,0.0,0.0,0.0,0.0,False,,,,,,,False,False,False,False,,,ot_graph_available,"repoDB label is a proxy approved/failed benchmark label. Open Targets support and graph connectivity are evidence features, not clinical truth. PubMed features missing for this pair. Graph disease mapping missing or failed."
repodb_222be68f2c0e59e2,Carbachol,"Glaucoma, Open-Angle",positive,test,True,True,True,100.0,1.0,0.0,False,0.0,True,False,False,False,0.0,0.0,0.0,0.0,0.0,False,,,,,,,False,False,False,False,,,ot_graph_available,"repoDB label is a proxy approved/failed benchmark label. Open Targets support and graph connectivity are evidence features, not clinical truth. PubMed features missing for this pair. Graph disease mapping missing or failed."
repodb_240d4dcb6f70913a,Brompheniramine,Influenza-like symptoms,positive,test,True,True,False,0.0,1.0,0.0,False,0.0,True,True,False,False,0.0,0.0,0.0,0.0,0.0,False,,,,,,,False,False,False,False,,,ot_graph_available,"repoDB label is a proxy approved/failed benchmark label. Open Targets support and graph connectivity are evidence features, not clinical truth. PubMed features missing for this pair. Graph disease mapping missing or failed."
repodb_2436d79d27a90f1c,Aztreonam,Escherichia coli Infections,positive,test,True,True,True,100.0,0.0,0.0,False,0.0,True,True,False,False,0.0,0.0,0.0,0.0,0.0,False,,,,,,,False,False,False,False,,,ot_graph_available,"repoDB label is a proxy approved/failed benchmark label. Open Targets support and graph connectivity are evidence features, not clinical truth. PubMed features missing for this pair. Graph disease mapping missing or failed."
repodb_264af470063c63cf,Ergotamine,Cluster Headache,positive,test,True,True,True,100.0,7.0,2.0,True,0.1044349582562164,True,True,False,False,0.0,0.0,0.0,0.0,0.0,False,,,,,,,False,False,False,False,,,ot_graph_available,"repoDB label is a proxy approved/failed benchmark label. Open Targets support and graph connectivity are evidence features, not clinical truth. PubMed features missing for this pair. Graph disease mapping missing or failed."
repodb_2755c3883022ca29,Irinotecan,Mucinous adenocarcinoma of colon,negative_or_failed,test,True,True,True,85.0,1.0,0.0,False,0.0,True,True,False,False,0.0,0.0,0.0,0.0,0.0,False,,,,,,,False,False,False,False,,,ot_graph_available,"repoDB label is a proxy approved/failed benchmark label. Open Targets support and graph connectivity are evidence features, not clinical truth. PubMed features missing for this pair. Graph disease mapping missing or failed."
repodb_2a2ce1ecb2c2ca21,Cefadroxil,Tonsillitis,positive,dev,True,True,True,100.0,0.0,0.0,False,0.0,True,True,False,False,0.0,0.0,0.0,0.0,0.0,False,,,,,,,False,False,False,False,,,ot_graph_available,"repoDB label is a proxy approved/failed benchmark label. Open Targets support and graph connectivity are evidence features, not clinical truth. PubMed features missing for this pair. Graph disease mapping missing or failed."
repodb_2a6d55aafa61aa89,Sunitinib,Oropharyngeal squamous cell carcinoma recurrent,negative_or_failed,test,True,True,False,0.0,9.0,0.0,False,0.0,True,True,False,False,0.0,0.0,0.0,0.0,0.0,False,,,,,,,False,False,False,False,,,ot_graph_available,"repoDB label is a proxy approved/failed benchmark label. Open Targets support and graph connectivity are evidence features, not clinical truth. PubMed features missing for this pair. Graph disease mapping missing or failed."
repodb_2b3e69b88eb6e850,Salicylic acid,Rheumatoid Arthritis,positive,test,True,True,True,100.0,0.0,0.0,False,0.0,True,True,True,True,1.0,2.0,0.0,0.0,1.0,False,,,,,,,False,False,False,False,,,ot_graph_available,"repoDB label is a proxy approved/failed benchmark label. Open Targets support and graph connectivity are evidence features, not clinical truth. PubMed features missing for this pair."
repodb_2bbe735fb6b2766c,Ofloxacin,Infection in solid organ transplant recipients,negative_or_failed,test,True,True,False,0.0,0.0,0.0,False,0.0,True,True,False,False,0.0,0.0,0.0,0.0,0.0,False,,,,,,,False,False,False,False,,,ot_graph_available,"repoDB label is a proxy approved/failed benchmark label. Open Targets support and graph connectivity are evidence features, not clinical truth. PubMed features missing for this pair. Graph disease mapping missing or failed."
repodb_2d0e801613852c62,Cyclosporine,Myeloid Leukemia,negative_or_failed,test,True,True,True,100.0,1.0,0.0,False,0.0,True,True,True,False,2.0,0.0,0.0,0.0,0.0,False,,,,,,,False,False,False,False,,,ot_graph_available,"repoDB label is a proxy approved/failed benchmark label. Open Targets support and graph connectivity are evidence features, not clinical truth. PubMed features missing for this pair."
repodb_2d37699e9d0940af,Armodafinil,Malignant Glioma,negative_or_failed,test,True,True,True,100.0,1.0,0.0,False,0.0,True,True,True,True,2.0,1.0,0.0,0.0,0.9,False,,,,,,,False,False,False,False,,,ot_graph_available,"repoDB label is a proxy approved/failed benchmark label. Open Targets support and graph connectivity are evidence features, not clinical truth. PubMed features missing for this pair."
repodb_2df019ef279bf716,Finasteride,Benign Prostatic Hyperplasia,negative_or_failed,dev,True,True,True,100.0,1.0,1.0,True,0.4742822311774843,True,True,False,False,0.0,0.0,0.0,0.0,0.0,False,,,,,,,False,False,False,False,,,ot_graph_available,"repoDB label is a proxy approved/failed benchmark label. Open Targets support and graph connectivity are evidence features, not clinical truth. PubMed features missing for this pair. Graph disease mapping missing or failed."
repodb_31348d54f6f4cd74,Aminolevulinic acid,Cervical Intraepithelial Neoplasia,negative_or_failed,test,True,True,True,100.0,0.0,0.0,False,0.0,True,True,True,False,3.0,0.0,0.0,0.0,0.0,False,,,,,,,False,False,False,False,,,ot_graph_available,"repoDB label is a proxy approved/failed benchmark label. Open Targets support and graph connectivity are evidence features, not clinical truth. PubMed features missing for this pair."
repodb_3492a2c7416f136c,Penciclovir,Recurrent genital herpes simplex,positive,test,True,True,True,30.0,0.0,0.0,False,0.0,True,True,False,False,0.0,0.0,0.0,0.0,0.0,False,,,,,,,False,False,False,False,,,ot_graph_available,"repoDB label is a proxy approved/failed benchmark label. Open Targets support and graph connectivity are evidence features, not clinical truth. PubMed features missing for this pair. Graph disease mapping missing or failed."
repodb_34cf4e0d850b0cdf,Terbutaline,Asthma attack,positive,test,True,True,True,46.0,1.0,1.0,True,0.1579008439006032,True,True,False,False,0.0,0.0,0.0,0.0,0.0,False,,,,,,,False,False,False,False,,,ot_graph_available,"repoDB label is a proxy approved/failed benchmark label. Open Targets support and graph connectivity are evidence features, not clinical truth. PubMed features missing for this pair. Graph disease mapping missing or failed."
repodb_35faa8a42490d0eb,Neomycin,Hepatic Coma,positive,dev,True,True,True,100.0,0.0,0.0,False,0.0,True,True,False,False,0.0,0.0,0.0,0.0,0.0,False,,,,,,,False,False,False,False,,,ot_graph_available,"repoDB label is a proxy approved/failed benchmark label. Open Targets support and graph connectivity are evidence features, not clinical truth. PubMed features missing for this pair. Graph disease mapping missing or failed."
repodb_3662c26db0147ddc,Paclitaxel,Pancreatic adenocarcinoma metastatic,negative_or_failed,test,True,True,True,100.0,15.0,0.0,False,0.0,True,True,False,False,0.0,0.0,0.0,0.0,0.0,False,,,,,,,False,False,False,False,,,ot_graph_available,"repoDB label is a proxy approved/failed benchmark label. Open Targets support and graph connectivity are evidence features, not clinical truth. PubMed features missing for this pair. Graph disease mapping missing or failed."
repodb_386a9fa70fbff208,Bortezomib,Mycosis fungoides/Sezary syndrome stage III,negative_or_failed,test,True,True,False,0.0,0.0,0.0,False,0.0,True,True,False,False,0.0,0.0,0.0,0.0,0.0,False,,,,,,,False,False,False,False,,,ot_graph_available,"repoDB label is a proxy approved/failed benchmark label. Open Targets support and graph connectivity are evidence features, not clinical truth. PubMed features missing for this pair. Graph disease mapping missing or failed."
repodb_3929968928f5f083,Amphotericin B,Urinary tract infection,positive,test,True,True,True,100.0,0.0,0.0,False,0.0,True,True,False,False,0.0,0.0,0.0,0.0,0.0,False,,,,,,,False,False,False,False,,,ot_graph_available,"repoDB label is a proxy approved/failed benchmark label. Open Targets support and graph connectivity are evidence features, not clinical truth. PubMed features missing for this pair. Graph disease mapping missing or failed."
repodb_3ab2a1d014ffd529,Cisplatin,Non-Small Cell Lung Carcinoma,negative_or_failed,dev,True,True,True,100.0,0.0,0.0,False,0.0,True,True,False,False,0.0,0.0,0.0,0.0,0.0,False,,,,,,,False,False,False,False,,,ot_graph_available,"repoDB label is a proxy approved/failed benchmark label. Open Targets support and graph connectivity are evidence features, not clinical truth. PubMed features missing for this pair. Graph disease mapping missing or failed."
repodb_3ac2b491643eebc5,Ulobetasol,Scalp psoriasis,positive,test,True,True,True,100.0,1.0,1.0,True,0.4654096999822952,True,True,False,False,0.0,0.0,0.0,0.0,0.0,False,,,,,,,False,False,False,False,,,ot_graph_available,"repoDB label is a proxy approved/failed benchmark label. Open Targets support and graph connectivity are evidence features, not clinical truth. PubMed features missing for this pair. Graph disease mapping missing or failed."
repodb_3b065d5df2b47d0b,Gemcitabine,Bladder cancer stage III,negative_or_failed,test,True,True,True,44.0,14.0,0.0,False,0.0,True,True,False,False,0.0,0.0,0.0,0.0,0.0,False,,,,,,,False,False,False,False,,,ot_graph_available,"repoDB label is a proxy approved/failed benchmark label. Open Targets support and graph connectivity are evidence features, not clinical truth. PubMed features missing for this pair. Graph disease mapping missing or failed."
repodb_3ed013b16d2870d7,Rituximab,Metastatic melanoma,negative_or_failed,test,True,True,True,100.0,1.0,1.0,True,0.1549926832990708,True,True,False,False,0.0,0.0,0.0,0.0,0.0,False,,,,,,,False,False,False,False,,,ot_graph_available,"repoDB label is a proxy approved/failed benchmark label. Open Targets support and graph connectivity are evidence features, not clinical truth. PubMed features missing for this pair. Graph disease mapping missing or failed."
repodb_3ff53d7e055f5e72,Tetracycline,Pneumonia,positive,test,False,False,False,,,,False,,False,False,False,False,,,,,,False,,,,,,,False,False,False,False,,,missing_evidence,"repoDB label is a proxy approved/failed benchmark label. Open Targets support and graph connectivity are evidence features, not clinical truth. Open Targets features missing for this pair. Graph features missing for this pair. PubMed features missing for this pair."
repodb_4271adc473f382ec,Diethylcarbamazine,Filarial Elephantiases,positive,test,False,False,False,,,,False,,False,False,False,False,,,,,,False,,,,,,,False,False,False,False,,,missing_evidence,"repoDB label is a proxy approved/failed benchmark label. Open Targets support and graph connectivity are evidence features, not clinical truth. Open Targets features missing for this pair. Graph features missing for this pair. PubMed features missing for this pair."
repodb_44faa762b720227a,Nedocromil,Asthma,positive,test,False,False,False,,,,False,,False,False,False,False,,,,,,False,,,,,,,False,False,False,False,,,missing_evidence,"repoDB label is a proxy approved/failed benchmark label. Open Targets support and graph connectivity are evidence features, not clinical truth. Open Targets features missing for this pair. Graph features missing for this pair. PubMed features missing for this pair."
repodb_45268f37fea8ab64,Sunitinib,Salivary gland cancer stage III,negative_or_failed,test,False,False,False,,,,False,,False,False,False,False,,,,,,False,,,,,,,False,False,False,False,,,missing_evidence,"repoDB label is a proxy approved/failed benchmark label. Open Targets support and graph connectivity are evidence features, not clinical truth. Open Targets features missing for this pair. Graph features missing for this pair. PubMed features missing for this pair."
repodb_467a939c846b4c7c,Bismuth Subsalicylate,Dyspepsia,positive,test,False,False,False,,,,False,,False,False,False,False,,,,,,False,,,,,,,False,False,False,False,,,missing_evidence,"repoDB label is a proxy approved/failed benchmark label. Open Targets support and graph connectivity are evidence features, not clinical truth. Open Targets features missing for this pair. Graph features missing for this pair. PubMed features missing for this pair."
repodb_4688ec20774e0ee9,Acetaminophen,Headache,negative_or_failed,test,False,False,False,,,,False,,False,False,False,False,,,,,,False,,,,,,,False,False,False,False,,,missing_evidence,"repoDB label is a proxy approved/failed benchmark label. Open Targets support and graph connectivity are evidence features, not clinical truth. Open Targets features missing for this pair. Graph features missing for this pair. PubMed features missing for this pair."
repodb_4749a32029b1d907,Azacitidine,adult acute eosinophilic leukemia,negative_or_failed,test,False,False,False,,,,False,,False,False,False,False,,,,,,False,,,,,,,False,False,False,False,,,missing_evidence,"repoDB label is a proxy approved/failed benchmark label. Open Targets support and graph connectivity are evidence features, not clinical truth. Open Targets features missing for this pair. Graph features missing for this pair. PubMed features missing for this pair."
repodb_474bdb2f1ab62ea2,Tetracycline,Syphilis,positive,test,False,False,False,,,,False,,False,False,False,False,,,,,,False,,,,,,,False,False,False,False,,,missing_evidence,"repoDB label is a proxy approved/failed benchmark label. Open Targets support and graph connectivity are evidence features, not clinical truth. Open Targets features missing for this pair. Graph features missing for this pair. PubMed features missing for this pair."
repodb_48b2f746f0fb50d2,Sertaconazole,Tinea Pedis,positive,dev,False,False,False,,,,False,,False,False,False,False,,,,,,False,,,,,,,False,False,False,False,,,missing_evidence,"repoDB label is a proxy approved/failed benchmark label. Open Targets support and graph connectivity are evidence features, not clinical truth. Open Targets features missing for this pair. Graph features missing for this pair. PubMed features missing for this pair."
repodb_495427bf47f9f582,Calcium Gluceptate,Disorder of electrolytes,positive,dev,False,False,False,,,,False,,False,False,False,False,,,,,,False,,,,,,,False,False,False,False,,,missing_evidence,"repoDB label is a proxy approved/failed benchmark label. Open Targets support and graph connectivity are evidence features, not clinical truth. Open Targets features missing for this pair. Graph features missing for this pair. PubMed features missing for this pair."
repodb_4b4d9facf2510362,Dexamethasone,Acute fungal otitis externa,negative_or_failed,test,False,False,False,,,,False,,False,False,False,False,,,,,,False,,,,,,,False,False,False,False,,,missing_evidence,"repoDB label is a proxy approved/failed benchmark label. Open Targets support and graph connectivity are evidence features, not clinical truth. Open Targets features missing for this pair. Graph features missing for this pair. PubMed features missing for this pair."
repodb_4d741a27deda41d6,Pegfilgrastim,Solid tumour,negative_or_failed,test,False,False,False,,,,False,,False,False,False,False,,,,,,False,,,,,,,False,False,False,False,,,missing_evidence,"repoDB label is a proxy approved/failed benchmark label. Open Targets support and graph connectivity are evidence features, not clinical truth. Open Targets features missing for this pair. Graph features missing for this pair. PubMed features missing for this pair."
repodb_4dac06772c9ad5ed,Denileukin diftitox,Epithelial ovarian cancer,negative_or_failed,dev,False,False,False,,,,False,,False,False,False,False,,,,,,False,,,,,,,False,False,False,False,,,missing_evidence,"repoDB label is a proxy approved/failed benchmark label. Open Targets support and graph connectivity are evidence features, not clinical truth. Open Targets features missing for this pair. Graph features missing for this pair. PubMed features missing for this pair."
repodb_4e1c3be88349a99b,Streptomycin,URINARY TRACT INFECTION ENTEROCOCCUS,positive,test,False,False,False,,,,False,,False,False,False,False,,,,,,False,,,,,,,False,False,False,False,,,missing_evidence,"repoDB label is a proxy approved/failed benchmark label. Open Targets support and graph connectivity are evidence features, not clinical truth. Open Targets features missing for this pair. Graph features missing for this pair. PubMed features missing for this pair."
repodb_4e3a88dea61cb998,Levoleucovorin,Stage IV Pancreatic Cancer,negative_or_failed,dev,False,False,False,,,,False,,False,False,False,False,,,,,,False,,,,,,,False,False,False,False,,,missing_evidence,"repoDB label is a proxy approved/failed benchmark label. Open Targets support and graph connectivity are evidence features, not clinical truth. Open Targets features missing for this pair. Graph features missing for this pair. PubMed features missing for this pair."
repodb_4e846c792274ff9f,Hydroxyurea,Pulmonary Hypertension,negative_or_failed,test,False,False,False,,,,False,,False,False,False,False,,,,,,False,,,,,,,False,False,False,False,,,missing_evidence,"repoDB label is a proxy approved/failed benchmark label. Open Targets support and graph connectivity are evidence features, not clinical truth. Open Targets features missing for this pair. Graph features missing for this pair. PubMed features missing for this pair."
repodb_501b325d181b6967,Brompheniramine,Symptomatic dermographism,positive,dev,False,False,False,,,,False,,False,False,False,False,,,,,,False,,,,,,,False,False,False,False,,,missing_evidence,"repoDB label is a proxy approved/failed benchmark label. Open Targets support and graph connectivity are evidence features, not clinical truth. Open Targets features missing for this pair. Graph features missing for this pair. PubMed features missing for this pair."
repodb_534b0cea8f85c409,Bupropion,Tobacco Dependence,negative_or_failed,dev,False,False,False,,,,False,,False,False,False,False,,,,,,False,,,,,,,False,False,False,False,,,missing_evidence,"repoDB label is a proxy approved/failed benchmark label. Open Targets support and graph connectivity are evidence features, not clinical truth. Open Targets features missing for this pair. Graph features missing for this pair. PubMed features missing for this pair."
repodb_55131423e2a264ef,Sparfloxacin,Moraxella catarrhalis pneumonia,positive,test,False,False,False,,,,False,,False,False,False,False,,,,,,False,,,,,,,False,False,False,False,,,missing_evidence,"repoDB label is a proxy approved/failed benchmark label. Open Targets support and graph connectivity are evidence features, not clinical truth. Open Targets features missing for this pair. Graph features missing for this pair. PubMed features missing for this pair."
repodb_570b3f30db022c20,Lornoxicam,Pain,positive,test,False,False,False,,,,False,,False,False,False,False,,,,,,False,,,,,,,False,False,False,False,,,missing_evidence,"repoDB label is a proxy approved/failed benchmark label. Open Targets support and graph connectivity are evidence features, not clinical truth. Open Targets features missing for this pair. Graph features missing for this pair. PubMed features missing for this pair."
repodb_5766dce408bf3f8f,Capsaicin,Diabetes Mellitus,negative_or_failed,test,False,False,False,,,,False,,False,False,False,False,,,,,,False,,,,,,,False,False,False,False,,,missing_evidence,"repoDB label is a proxy approved/failed benchmark label. Open Targets support and graph connectivity are evidence features, not clinical truth. Open Targets features missing for this pair. Graph features missing for this pair. PubMed features missing for this pair."
repodb_580e1ac7e68d5d79,Pravastatin,adult acute monocytic leukemia (M5b),negative_or_failed,test,False,False,False,,,,False,,False,False,False,False,,,,,,False,,,,,,,False,False,False,False,,,missing_evidence,"repoDB label is a proxy approved/failed benchmark label. Open Targets support and graph connectivity are evidence features, not clinical truth. Open Targets features missing for this pair. Graph features missing for this pair. PubMed features missing for this pair."
repodb_5aa2a5321ddc366b,Cefotetan,Endometritis,positive,test,False,False,False,,,,False,,False,False,False,False,,,,,,False,,,,,,,False,False,False,False,,,missing_evidence,"repoDB label is a proxy approved/failed benchmark label. Open Targets support and graph connectivity are evidence features, not clinical truth. Open Targets features missing for this pair. Graph features missing for this pair. PubMed features missing for this pair."
repodb_5eee3660fdc4abe9,Belimumab,Rheumatoid Arthritis,negative_or_failed,test,False,False,False,,,,False,,False,False,False,False,,,,,,False,,,,,,,False,False,False,False,,,missing_evidence,"repoDB label is a proxy approved/failed benchmark label. Open Targets support and graph connectivity are evidence features, not clinical truth. Open Targets features missing for this pair. Graph features missing for this pair. PubMed features missing for this pair."
repodb_5f5e48d0f7379318,Clindamycin,Staphylococcal Pneumonia,positive,test,False,False,False,,,,False,,False,False,False,False,,,,,,False,,,,,,,False,False,False,False,,,missing_evidence,"repoDB label is a proxy approved/failed benchmark label. Open Targets support and graph connectivity are evidence features, not clinical truth. Open Targets features missing for this pair. Graph features missing for this pair. PubMed features missing for this pair."
repodb_61e3269e25aaf57a,Econazole,Tinea cruris,positive,test,False,False,False,,,,False,,False,False,False,False,,,,,,False,,,,,,,False,False,False,False,,,missing_evidence,"repoDB label is a proxy approved/failed benchmark label. Open Targets support and graph connectivity are evidence features, not clinical truth. Open Targets features missing for this pair. Graph features missing for this pair. PubMed features missing for this pair."
repodb_656f19978d5e8883,Acetylsalicylic acid,Low density lipoprotein increased,negative_or_failed,test,False,False,False,,,,False,,False,False,False,False,,,,,,False,,,,,,,False,False,False,False,,,missing_evidence,"repoDB label is a proxy approved/failed benchmark label. Open Targets support and graph connectivity are evidence features, not clinical truth. Open Targets features missing for this pair. Graph features missing for this pair. PubMed features missing for this pair."
repodb_6661b82c49403705,Tretinoin,Acne Vulgaris,positive,dev,False,False,False,,,,False,,False,False,False,False,,,,,,False,,,,,,,False,False,False,False,,,missing_evidence,"repoDB label is a proxy approved/failed benchmark label. Open Targets support and graph connectivity are evidence features, not clinical truth. Open Targets features missing for this pair. Graph features missing for this pair. PubMed features missing for this pair."
repodb_667a25f01294013f,Decitabine,adult acute myeloid leukemia with t(8;21)(q22;q22),negative_or_failed,test,False,False,False,,,,False,,False,False,False,False,,,,,,False,,,,,,,False,False,False,False,,,missing_evidence,"repoDB label is a proxy approved/failed benchmark label. Open Targets support and graph connectivity are evidence features, not clinical truth. Open Targets features missing for this pair. Graph features missing for this pair. PubMed features missing for this pair."
repodb_682fb4d4b5f43e7c,Fluocinonide,Contact Dermatitis,positive,test,False,False,False,,,,False,,False,False,False,False,,,,,,False,,,,,,,False,False,False,False,,,missing_evidence,"repoDB label is a proxy approved/failed benchmark label. Open Targets support and graph connectivity are evidence features, not clinical truth. Open Targets features missing for this pair. Graph features missing for this pair. PubMed features missing for this pair."
repodb_6884c00bc2eaf8b7,Pravastatin,adult acute myeloblastic leukemia with maturation (M2),negative_or_failed,dev,False,False,False,,,,False,,False,False,False,False,,,,,,False,,,,,,,False,False,False,False,,,missing_evidence,"repoDB label is a proxy approved/failed benchmark label. Open Targets support and graph connectivity are evidence features, not clinical truth. Open Targets features missing for this pair. Graph features missing for this pair. PubMed features missing for this pair."
repodb_6a9ce6dbe45ca743,Bevacizumab,adult acute megakaryoblastic leukemia (M7),negative_or_failed,test,False,False,False,,,,False,,False,False,False,False,,,,,,False,,,,,,,False,False,False,False,,,missing_evidence,"repoDB label is a proxy approved/failed benchmark label. Open Targets support and graph connectivity are evidence features, not clinical truth. Open Targets features missing for this pair. Graph features missing for this pair. PubMed features missing for this pair."
repodb_6b5ca4a47dd543ea,Norepinephrine,Hypotension,positive,test,False,False,False,,,,False,,False,False,False,False,,,,,,False,,,,,,,False,False,False,False,,,missing_evidence,"repoDB label is a proxy approved/failed benchmark label. Open Targets support and graph connectivity are evidence features, not clinical truth. Open Targets features missing for this pair. Graph features missing for this pair. PubMed features missing for this pair."
repodb_6be992665272425d,Verapamil,Classical phenylketonuria,negative_or_failed,test,False,False,False,,,,False,,False,False,False,False,,,,,,False,,,,,,,False,False,False,False,,,missing_evidence,"repoDB label is a proxy approved/failed benchmark label. Open Targets support and graph connectivity are evidence features, not clinical truth. Open Targets features missing for this pair. Graph features missing for this pair. PubMed features missing for this pair."
repodb_6dcc651c159c8408,Ceftriaxone,Meningococcal meningitis,positive,test,False,False,False,,,,False,,False,False,False,False,,,,,,False,,,,,,,False,False,False,False,,,missing_evidence,"repoDB label is a proxy approved/failed benchmark label. Open Targets support and graph connectivity are evidence features, not clinical truth. Open Targets features missing for this pair. Graph features missing for this pair. PubMed features missing for this pair."
repodb_6fef8c491305788f,Pertuzumab,Adrenal Gland Neoplasms,negative_or_failed,test,False,False,False,,,,False,,False,False,False,False,,,,,,False,,,,,,,False,False,False,False,,,missing_evidence,"repoDB label is a proxy approved/failed benchmark label. Open Targets support and graph connectivity are evidence features, not clinical truth. Open Targets features missing for this pair. Graph features missing for this pair. PubMed features missing for this pair."
repodb_70bf5a694771c242,Gentamicin,Serratia Infections,positive,test,False,False,False,,,,False,,False,False,False,False,,,,,,False,,,,,,,False,False,False,False,,,missing_evidence,"repoDB label is a proxy approved/failed benchmark label. Open Targets support and graph connectivity are evidence features, not clinical truth. Open Targets features missing for this pair. Graph features missing for this pair. PubMed features missing for this pair."
repodb_716330415a5c984f,Prednisone,Rheumatic Heart Disease,positive,dev,False,False,False,,,,False,,False,False,False,False,,,,,,False,,,,,,,False,False,False,False,,,missing_evidence,"repoDB label is a proxy approved/failed benchmark label. Open Targets support and graph connectivity are evidence features, not clinical truth. Open Targets features missing for this pair. Graph features missing for this pair. PubMed features missing for this pair."
repodb_71afac10c6d661b7,Peginterferon alfa-2a,Hepatitis C,negative_or_failed,test,False,False,False,,,,False,,False,False,False,False,,,,,,False,,,,,,,False,False,False,False,,,missing_evidence,"repoDB label is a proxy approved/failed benchmark label. Open Targets support and graph connectivity are evidence features, not clinical truth. Open Targets features missing for this pair. Graph features missing for this pair. PubMed features missing for this pair."
repodb_726f5845e6b5e3ef,Carboplatin,Malignant neoplasm of lung,negative_or_failed,dev,False,False,False,,,,False,,False,False,False,False,,,,,,False,,,,,,,False,False,False,False,,,missing_evidence,"repoDB label is a proxy approved/failed benchmark label. Open Targets support and graph connectivity are evidence features, not clinical truth. Open Targets features missing for this pair. Graph features missing for this pair. PubMed features missing for this pair."
repodb_76fa1ea3c3ab907d,Dacarbazine,Adenocarcinoma,negative_or_failed,dev,False,False,False,,,,False,,False,False,False,False,,,,,,False,,,,,,,False,False,False,False,,,missing_evidence,"repoDB label is a proxy approved/failed benchmark label. Open Targets support and graph connectivity are evidence features, not clinical truth. Open Targets features missing for this pair. Graph features missing for this pair. PubMed features missing for this pair."
repodb_783c4b8bc2b7f370,Lenalidomide,T-Cell Large Granular Lymphocyte Leukemia,negative_or_failed,test,False,False,False,,,,False,,False,False,False,False,,,,,,False,,,,,,,False,False,False,False,,,missing_evidence,"repoDB label is a proxy approved/failed benchmark label. Open Targets support and graph connectivity are evidence features, not clinical truth. Open Targets features missing for this pair. Graph features missing for this pair. PubMed features missing for this pair."
repodb_796385530cf82b80,Triamcinolone,Erythema Multiforme,positive,dev,False,False,False,,,,False,,False,False,False,False,,,,,,False,,,,,,,False,False,False,False,,,missing_evidence,"repoDB label is a proxy approved/failed benchmark label. Open Targets support and graph connectivity are evidence features, not clinical truth. Open Targets features missing for this pair. Graph features missing for this pair. PubMed features missing for this pair."
repodb_7b6039d2fd1f3c3d,Prednisone,Malaria,negative_or_failed,test,False,False,False,,,,False,,False,False,False,False,,,,,,False,,,,,,,False,False,False,False,,,missing_evidence,"repoDB label is a proxy approved/failed benchmark label. Open Targets support and graph connectivity are evidence features, not clinical truth. Open Targets features missing for this pair. Graph features missing for this pair. PubMed features missing for this pair."
repodb_7bdfc64445a2e900,Prednisolone,Cerebral Edema,positive,test,False,False,False,,,,False,,False,False,False,False,,,,,,False,,,,,,,False,False,False,False,,,missing_evidence,"repoDB label is a proxy approved/failed benchmark label. Open Targets support and graph connectivity are evidence features, not clinical truth. Open Targets features missing for this pair. Graph features missing for this pair. PubMed features missing for this pair."
repodb_808f8391b3e8ee11,Vidarabine,Hepatosplenic T-cell lymphoma,negative_or_failed,test,False,False,False,,,,False,,False,False,False,False,,,,,,False,,,,,,,False,False,False,False,,,missing_evidence,"repoDB label is a proxy approved/failed benchmark label. Open Targets support and graph connectivity are evidence features, not clinical truth. Open Targets features missing for this pair. Graph features missing for this pair. PubMed features missing for this pair."
repodb_824a087abbd08983,Brompheniramine,Hay fever,positive,test,False,False,False,,,,False,,False,False,False,False,,,,,,False,,,,,,,False,False,False,False,,,missing_evidence,"repoDB label is a proxy approved/failed benchmark label. Open Targets support and graph connectivity are evidence features, not clinical truth. Open Targets features missing for this pair. Graph features missing for this pair. PubMed features missing for this pair."
repodb_8296b5f131d15612,Sulindac,"Leukemia, Myelocytic, Acute",negative_or_failed,test,False,False,False,,,,False,,False,False,False,False,,,,,,False,,,,,,,False,False,False,False,,,missing_evidence,"repoDB label is a proxy approved/failed benchmark label. Open Targets support and graph connectivity are evidence features, not clinical truth. Open Targets features missing for this pair. Graph features missing for this pair. PubMed features missing for this pair."
repodb_82ac65d9eff679b0,Fenoldopam,Hypertensive urgency,positive,test,False,False,False,,,,False,,False,False,False,False,,,,,,False,,,,,,,False,False,False,False,,,missing_evidence,"repoDB label is a proxy approved/failed benchmark label. Open Targets support and graph connectivity are evidence features, not clinical truth. Open Targets features missing for this pair. Graph features missing for this pair. PubMed features missing for this pair."
repodb_8334116d25e373b0,Erlotinib,Recurrent Salivary Gland Cancer,negative_or_failed,test,False,False,False,,,,False,,False,False,False,False,,,,,,False,,,,,,,False,False,False,False,,,missing_evidence,"repoDB label is a proxy approved/failed benchmark label. Open Targets support and graph connectivity are evidence features, not clinical truth. Open Targets features missing for this pair. Graph features missing for this pair. PubMed features missing for this pair."
repodb_84f6a08cae6ad26e,Dexpanthenol,Dermatologic disorders,positive,test,False,False,False,,,,False,,False,False,False,False,,,,,,False,,,,,,,False,False,False,False,,,missing_evidence,"repoDB label is a proxy approved/failed benchmark label. Open Targets support and graph connectivity are evidence features, not clinical truth. Open Targets features missing for this pair. Graph features missing for this pair. PubMed features missing for this pair."
repodb_860c03138a42f367,Levodopa,"Parkinson Disease, Postencephalitic",positive,test,False,False,False,,,,False,,False,False,False,False,,,,,,False,,,,,,,False,False,False,False,,,missing_evidence,"repoDB label is a proxy approved/failed benchmark label. Open Targets support and graph connectivity are evidence features, not clinical truth. Open Targets features missing for this pair. Graph features missing for this pair. PubMed features missing for this pair."
repodb_86f3c759a5588e41,Pheniramine,Itching of eye,positive,test,False,False,False,,,,False,,False,False,False,False,,,,,,False,,,,,,,False,False,False,False,,,missing_evidence,"repoDB label is a proxy approved/failed benchmark label. Open Targets support and graph connectivity are evidence features, not clinical truth. Open Targets features missing for this pair. Graph features missing for this pair. PubMed features missing for this pair."
repodb_880a34e4a79300ac,Dextromethorphan,Coughing,positive,test,False,False,False,,,,False,,False,False,False,False,,,,,,False,,,,,,,False,False,False,False,,,missing_evidence,"repoDB label is a proxy approved/failed benchmark label. Open Targets support and graph connectivity are evidence features, not clinical truth. Open Targets features missing for this pair. Graph features missing for this pair. PubMed features missing for this pair."
repodb_8b442e8309bbb97d,Docetaxel,thorax/respiratory cancer,negative_or_failed,test,False,False,False,,,,False,,False,False,False,False,,,,,,False,,,,,,,False,False,False,False,,,missing_evidence,"repoDB label is a proxy approved/failed benchmark label. Open Targets support and graph connectivity are evidence features, not clinical truth. Open Targets features missing for this pair. Graph features missing for this pair. PubMed features missing for this pair."
repodb_8bb30f6d1ea5d13e,Trimethoprim,Acute exacerbation of chronic bronchitis,positive,dev,False,False,False,,,,False,,False,False,False,False,,,,,,False,,,,,,,False,False,False,False,,,missing_evidence,"repoDB label is a proxy approved/failed benchmark label. Open Targets support and graph connectivity are evidence features, not clinical truth. Open Targets features missing for this pair. Graph features missing for this pair. PubMed features missing for this pair."
repodb_8dcb9018a0fd754d,Nitroprusside,Sarcopenia,negative_or_failed,test,False,False,False,,,,False,,False,False,False,False,,,,,,False,,,,,,,False,False,False,False,,,missing_evidence,"repoDB label is a proxy approved/failed benchmark label. Open Targets support and graph connectivity are evidence features, not clinical truth. Open Targets features missing for this pair. Graph features missing for this pair. PubMed features missing for this pair."
repodb_8e40abec571f365d,Minocycline,Bronchitis,positive,test,False,False,False,,,,False,,False,False,False,False,,,,,,False,,,,,,,False,False,False,False,,,missing_evidence,"repoDB label is a proxy approved/failed benchmark label. Open Targets support and graph connectivity are evidence features, not clinical truth. Open Targets features missing for this pair. Graph features missing for this pair. PubMed features missing for this pair."
repodb_90a883f8265ad01e,Letrozole,Papillary serous cystadenocarcinoma,negative_or_failed,dev,False,False,False,,,,False,,False,False,False,False,,,,,,False,,,,,,,False,False,False,False,,,missing_evidence,"repoDB label is a proxy approved/failed benchmark label. Open Targets support and graph connectivity are evidence features, not clinical truth. Open Targets features missing for this pair. Graph features missing for this pair. PubMed features missing for this pair."
repodb_9232cc327b95d4e1,Rituximab,leukemia,negative_or_failed,test,False,False,False,,,,False,,False,False,False,False,,,,,,False,,,,,,,False,False,False,False,,,missing_evidence,"repoDB label is a proxy approved/failed benchmark label. Open Targets support and graph connectivity are evidence features, not clinical truth. Open Targets features missing for this pair. Graph features missing for this pair. PubMed features missing for this pair."
repodb_92e76d674c3cb14e,Ketamine,Anxiety,negative_or_failed,test,False,False,False,,,,False,,False,False,False,False,,,,,,False,,,,,,,False,False,False,False,,,missing_evidence,"repoDB label is a proxy approved/failed benchmark label. Open Targets support and graph connectivity are evidence features, not clinical truth. Open Targets features missing for this pair. Graph features missing for this pair. PubMed features missing for this pair."
repodb_93f94ae6cfc1c7b5,Cyclophosphamide,contiguous stage II adult diffuse large cell lymphoma,negative_or_failed,test,False,False,False,,,,False,,False,False,False,False,,,,,,False,,,,,,,False,False,False,False,,,missing_evidence,"repoDB label is a proxy approved/failed benchmark label. Open Targets support and graph connectivity are evidence features, not clinical truth. Open Targets features missing for this pair. Graph features missing for this pair. PubMed features missing for this pair."
repodb_947663f51d4e1d54,Tacrolimus,chronic myelogenous leukemia in relapse,negative_or_failed,test,False,False,False,,,,False,,False,False,False,False,,,,,,False,,,,,,,False,False,False,False,,,missing_evidence,"repoDB label is a proxy approved/failed benchmark label. Open Targets support and graph connectivity are evidence features, not clinical truth. Open Targets features missing for this pair. Graph features missing for this pair. PubMed features missing for this pair."
repodb_954be9dd50df35b7,Sunitinib,Pancreatic carcinoma,negative_or_failed,test,False,False,False,,,,False,,False,False,False,False,,,,,,False,,,,,,,False,False,False,False,,,missing_evidence,"repoDB label is a proxy approved/failed benchmark label. Open Targets support and graph connectivity are evidence features, not clinical truth. Open Targets features missing for this pair. Graph features missing for this pair. PubMed features missing for this pair."
repodb_95cb9474b5eb89ee,Doxepin,Severe major depression with psychotic features,positive,test,False,False,False,,,,False,,False,False,False,False,,,,,,False,,,,,,,False,False,False,False,,,missing_evidence,"repoDB label is a proxy approved/failed benchmark label. Open Targets support and graph connectivity are evidence features, not clinical truth. Open Targets features missing for this pair. Graph features missing for this pair. PubMed features missing for this pair."
repodb_95df243ed488edc4,Cytarabine,childhood acute megakaryocytic leukemia (M7),negative_or_failed,test,False,False,False,,,,False,,False,False,False,False,,,,,,False,,,,,,,False,False,False,False,,,missing_evidence,"repoDB label is a proxy approved/failed benchmark label. Open Targets support and graph connectivity are evidence features, not clinical truth. Open Targets features missing for this pair. Graph features missing for this pair. PubMed features missing for this pair."
repodb_962c6dcd13513422,Methyltestosterone,Hypogonadotropic hypogonadism,negative_or_failed,test,False,False,False,,,,False,,False,False,False,False,,,,,,False,,,,,,,False,False,False,False,,,missing_evidence,"repoDB label is a proxy approved/failed benchmark label. Open Targets support and graph connectivity are evidence features, not clinical truth. Open Targets features missing for this pair. Graph features missing for this pair. PubMed features missing for this pair."
repodb_9693fc0d7f97136f,Methotrexate,Malignant neoplasm of ovary,negative_or_failed,test,False,False,False,,,,False,,False,False,False,False,,,,,,False,,,,,,,False,False,False,False,,,missing_evidence,"repoDB label is a proxy approved/failed benchmark label. Open Targets support and graph connectivity are evidence features, not clinical truth. Open Targets features missing for this pair. Graph features missing for this pair. PubMed features missing for this pair."
repodb_99cbfc97d83fb7f7,Fludarabine,chronic myelogenous leukemia in relapse,negative_or_failed,test,False,False,False,,,,False,,False,False,False,False,,,,,,False,,,,,,,False,False,False,False,,,missing_evidence,"repoDB label is a proxy approved/failed benchmark label. Open Targets support and graph connectivity are evidence features, not clinical truth. Open Targets features missing for this pair. Graph features missing for this pair. PubMed features missing for this pair."
repodb_9aaec2b25611002c,Dexibuprofen,Headache Disorders,positive,test,False,False,False,,,,False,,False,False,False,False,,,,,,False,,,,,,,False,False,False,False,,,missing_evidence,"repoDB label is a proxy approved/failed benchmark label. Open Targets support and graph connectivity are evidence features, not clinical truth. Open Targets features missing for this pair. Graph features missing for this pair. PubMed features missing for this pair."
repodb_9ba28aa733f15026,Gemcitabine,Marginal zone lymphoma recurrent,negative_or_failed,test,False,False,False,,,,False,,False,False,False,False,,,,,,False,,,,,,,False,False,False,False,,,missing_evidence,"repoDB label is a proxy approved/failed benchmark label. Open Targets support and graph connectivity are evidence features, not clinical truth. Open Targets features missing for this pair. Graph features missing for this pair. PubMed features missing for this pair."
repodb_9baf5b556bd86038,Prednisolone,"Lymphoma, T-Cell, Cutaneous",positive,test,False,False,False,,,,False,,False,False,False,False,,,,,,False,,,,,,,False,False,False,False,,,missing_evidence,"repoDB label is a proxy approved/failed benchmark label. Open Targets support and graph connectivity are evidence features, not clinical truth. Open Targets features missing for this pair. Graph features missing for this pair. PubMed features missing for this pair."
repodb_9db05c4413619dcf,Oxaliplatin,Stage IIC Rectal Cancer,negative_or_failed,test,False,False,False,,,,False,,False,False,False,False,,,,,,False,,,,,,,False,False,False,False,,,missing_evidence,"repoDB label is a proxy approved/failed benchmark label. Open Targets support and graph connectivity are evidence features, not clinical truth. Open Targets features missing for this pair. Graph features missing for this pair. PubMed features missing for this pair."
repodb_9ee53098a53b7664,Oxytetracycline,Rocky Mountain Spotted Fever,positive,test,False,False,False,,,,False,,False,False,False,False,,,,,,False,,,,,,,False,False,False,False,,,missing_evidence,"repoDB label is a proxy approved/failed benchmark label. Open Targets support and graph connectivity are evidence features, not clinical truth. Open Targets features missing for this pair. Graph features missing for this pair. PubMed features missing for this pair."
repodb_9f36fdeb093bbb35,Bevacizumab,Brain Neoplasms,negative_or_failed,test,False,False,False,,,,False,,False,False,False,False,,,,,,False,,,,,,,False,False,False,False,,,missing_evidence,"repoDB label is a proxy approved/failed benchmark label. Open Targets support and graph connectivity are evidence features, not clinical truth. Open Targets features missing for this pair. Graph features missing for this pair. PubMed features missing for this pair."
repodb_a0a83ee0b86e89f7,Niacin,Psoriasis,negative_or_failed,test,False,False,False,,,,False,,False,False,False,False,,,,,,False,,,,,,,False,False,False,False,,,missing_evidence,"repoDB label is a proxy approved/failed benchmark label. Open Targets support and graph connectivity are evidence features, not clinical truth. Open Targets features missing for this pair. Graph features missing for this pair. PubMed features missing for this pair."
repodb_a302c7140d8bb339,Etoposide,adult acute eosinophilic leukemia,negative_or_failed,test,False,False,False,,,,False,,False,False,False,False,,,,,,False,,,,,,,False,False,False,False,,,missing_evidence,"repoDB label is a proxy approved/failed benchmark label. Open Targets support and graph connectivity are evidence features, not clinical truth. Open Targets features missing for this pair. Graph features missing for this pair. PubMed features missing for this pair."
repodb_a306dcb631ec4f35,Abatacept,Alopecia Areata,negative_or_failed,test,False,False,False,,,,False,,False,False,False,False,,,,,,False,,,,,,,False,False,False,False,,,missing_evidence,"repoDB label is a proxy approved/failed benchmark label. Open Targets support and graph connectivity are evidence features, not clinical truth. Open Targets features missing for this pair. Graph features missing for this pair. PubMed features missing for this pair."
repodb_a376aa3939beff1f,Alosetron,Diarrhoea predominant irritable bowel syndrome,positive,test,False,False,False,,,,False,,False,False,False,False,,,,,,False,,,,,,,False,False,False,False,,,missing_evidence,"repoDB label is a proxy approved/failed benchmark label. Open Targets support and graph connectivity are evidence features, not clinical truth. Open Targets features missing for this pair. Graph features missing for this pair. PubMed features missing for this pair."
repodb_a7f96c8d6ec8725b,Testosterone Propionate,Delayed Puberty,positive,test,False,False,False,,,,False,,False,False,False,False,,,,,,False,,,,,,,False,False,False,False,,,missing_evidence,"repoDB label is a proxy approved/failed benchmark label. Open Targets support and graph connectivity are evidence features, not clinical truth. Open Targets features missing for this pair. Graph features missing for this pair. PubMed features missing for this pair."
repodb_a8d3cb9effa1c801,Irinotecan,Adenocarcinoma,negative_or_failed,test,False,False,False,,,,False,,False,False,False,False,,,,,,False,,,,,,,False,False,False,False,,,missing_evidence,"repoDB label is a proxy approved/failed benchmark label. Open Targets support and graph connectivity are evidence features, not clinical truth. Open Targets features missing for this pair. Graph features missing for this pair. PubMed features missing for this pair."
repodb_a92f6eb8e90b5b72,Deferasirox,Iron Overload,negative_or_failed,dev,False,False,False,,,,False,,False,False,False,False,,,,,,False,,,,,,,False,False,False,False,,,missing_evidence,"repoDB label is a proxy approved/failed benchmark label. Open Targets support and graph connectivity are evidence features, not clinical truth. Open Targets features missing for this pair. Graph features missing for this pair. PubMed features missing for this pair."
repodb_ab70f7883829e5f6,Kanamycin,"Pneumonia, Bacterial",positive,test,False,False,False,,,,False,,False,False,False,False,,,,,,False,,,,,,,False,False,False,False,,,missing_evidence,"repoDB label is a proxy approved/failed benchmark label. Open Targets support and graph connectivity are evidence features, not clinical truth. Open Targets features missing for this pair. Graph features missing for this pair. PubMed features missing for this pair."
repodb_ad9d3080b5b125d2,Beclomethasone dipropionate,Allergic rhinitis (disorder),positive,test,False,False,False,,,,False,,False,False,False,False,,,,,,False,,,,,,,False,False,False,False,,,missing_evidence,"repoDB label is a proxy approved/failed benchmark label. Open Targets support and graph connectivity are evidence features, not clinical truth. Open Targets features missing for this pair. Graph features missing for this pair. PubMed features missing for this pair."
repodb_afc5e1b286c41d8f,Bortezomib,Mycosis fungoides/Sezary syndrome stage IV,negative_or_failed,test,False,False,False,,,,False,,False,False,False,False,,,,,,False,,,,,,,False,False,False,False,,,missing_evidence,"repoDB label is a proxy approved/failed benchmark label. Open Targets support and graph connectivity are evidence features, not clinical truth. Open Targets features missing for this pair. Graph features missing for this pair. PubMed features missing for this pair."
repodb_b04b2a6100d1d4ac,Pseudoephedrine,Sinus headache,positive,test,False,False,False,,,,False,,False,False,False,False,,,,,,False,,,,,,,False,False,False,False,,,missing_evidence,"repoDB label is a proxy approved/failed benchmark label. Open Targets support and graph connectivity are evidence features, not clinical truth. Open Targets features missing for this pair. Graph features missing for this pair. PubMed features missing for this pair."
repodb_b09a2da2d8397c05,Azithromycin,Chancroids,positive,test,False,False,False,,,,False,,False,False,False,False,,,,,,False,,,,,,,False,False,False,False,,,missing_evidence,"repoDB label is a proxy approved/failed benchmark label. Open Targets support and graph connectivity are evidence features, not clinical truth. Open Targets features missing for this pair. Graph features missing for this pair. PubMed features missing for this pair."
repodb_b425bc51fff4406a,Aminolevulinic acid,adult anaplastic astrocytoma,negative_or_failed,test,False,False,False,,,,False,,False,False,False,False,,,,,,False,,,,,,,False,False,False,False,,,missing_evidence,"repoDB label is a proxy approved/failed benchmark label. Open Targets support and graph connectivity are evidence features, not clinical truth. Open Targets features missing for this pair. Graph features missing for this pair. PubMed features missing for this pair."
repodb_b492ce9382abd005,Sorafenib,stage III papillary thyroid cancer,negative_or_failed,dev,False,False,False,,,,False,,False,False,False,False,,,,,,False,,,,,,,False,False,False,False,,,missing_evidence,"repoDB label is a proxy approved/failed benchmark label. Open Targets support and graph connectivity are evidence features, not clinical truth. Open Targets features missing for this pair. Graph features missing for this pair. PubMed features missing for this pair."
repodb_b860211568c2eb69,Everolimus,Laryngeal verrucous carcinoma recurrent,negative_or_failed,test,False,False,False,,,,False,,False,False,False,False,,,,,,False,,,,,,,False,False,False,False,,,missing_evidence,"repoDB label is a proxy approved/failed benchmark label. Open Targets support and graph connectivity are evidence features, not clinical truth. Open Targets features missing for this pair. Graph features missing for this pair. PubMed features missing for this pair."
repodb_b86738ff60952e56,Doxorubicin,colon cancer liver metastasis,negative_or_failed,test,False,False,False,,,,False,,False,False,False,False,,,,,,False,,,,,,,False,False,False,False,,,missing_evidence,"repoDB label is a proxy approved/failed benchmark label. Open Targets support and graph connectivity are evidence features, not clinical truth. Open Targets features missing for this pair. Graph features missing for this pair. PubMed features missing for this pair."
repodb_b88e7c4af76dfce6,Prednisone,Adrenal cortical hypofunction,positive,test,False,False,False,,,,False,,False,False,False,False,,,,,,False,,,,,,,False,False,False,False,,,missing_evidence,"repoDB label is a proxy approved/failed benchmark label. Open Targets support and graph connectivity are evidence features, not clinical truth. Open Targets features missing for this pair. Graph features missing for this pair. PubMed features missing for this pair."
repodb_bd28b237ad955080,Methylphenidate,Neurotoxicity Syndromes,negative_or_failed,dev,False,False,False,,,,False,,False,False,False,False,,,,,,False,,,,,,,False,False,False,False,,,missing_evidence,"repoDB label is a proxy approved/failed benchmark label. Open Targets support and graph connectivity are evidence features, not clinical truth. Open Targets features missing for this pair. Graph features missing for this pair. PubMed features missing for this pair."
repodb_bd40b5aaa076fe47,Oprelvekin,Thrombocytopenia,positive,test,False,False,False,,,,False,,False,False,False,False,,,,,,False,,,,,,,False,False,False,False,,,missing_evidence,"repoDB label is a proxy approved/failed benchmark label. Open Targets support and graph connectivity are evidence features, not clinical truth. Open Targets features missing for this pair. Graph features missing for this pair. PubMed features missing for this pair."
repodb_c007885e45ff4081,Cefprozil,Acute Moraxella catarrhalis bronchitis,positive,test,False,False,False,,,,False,,False,False,False,False,,,,,,False,,,,,,,False,False,False,False,,,missing_evidence,"repoDB label is a proxy approved/failed benchmark label. Open Targets support and graph connectivity are evidence features, not clinical truth. Open Targets features missing for this pair. Graph features missing for this pair. PubMed features missing for this pair."
repodb_c05ed3f0d194533f,Sirolimus,Hormone refractory prostate cancer,negative_or_failed,dev,False,False,False,,,,False,,False,False,False,False,,,,,,False,,,,,,,False,False,False,False,,,missing_evidence,"repoDB label is a proxy approved/failed benchmark label. Open Targets support and graph connectivity are evidence features, not clinical truth. Open Targets features missing for this pair. Graph features missing for this pair. PubMed features missing for this pair."
repodb_c11dfbee24625fbc,Demeclocycline,TYPHUS,positive,test,False,False,False,,,,False,,False,False,False,False,,,,,,False,,,,,,,False,False,False,False,,,missing_evidence,"repoDB label is a proxy approved/failed benchmark label. Open Targets support and graph connectivity are evidence features, not clinical truth. Open Targets features missing for this pair. Graph features missing for this pair. PubMed features missing for this pair."
repodb_c17b2cad9ff11748,Testosterone,Hypogonadotropic hypogonadism,positive,test,False,False,False,,,,False,,False,False,False,False,,,,,,False,,,,,,,False,False,False,False,,,missing_evidence,"repoDB label is a proxy approved/failed benchmark label. Open Targets support and graph connectivity are evidence features, not clinical truth. Open Targets features missing for this pair. Graph features missing for this pair. PubMed features missing for this pair."
repodb_c19f227011e2e7aa,Mitoxantrone,"Leukemia, Myelocytic, Acute",positive,dev,False,False,False,,,,False,,False,False,False,False,,,,,,False,,,,,,,False,False,False,False,,,missing_evidence,"repoDB label is a proxy approved/failed benchmark label. Open Targets support and graph connectivity are evidence features, not clinical truth. Open Targets features missing for this pair. Graph features missing for this pair. PubMed features missing for this pair."
repodb_c2b91f8321b091c9,Buprenorphine,Chronic pain,positive,test,False,False,False,,,,False,,False,False,False,False,,,,,,False,,,,,,,False,False,False,False,,,missing_evidence,"repoDB label is a proxy approved/failed benchmark label. Open Targets support and graph connectivity are evidence features, not clinical truth. Open Targets features missing for this pair. Graph features missing for this pair. PubMed features missing for this pair."
repodb_c4bfe3e57dbca1de,Ketamine,Traumatic Brain Injury,negative_or_failed,test,False,False,False,,,,False,,False,False,False,False,,,,,,False,,,,,,,False,False,False,False,,,missing_evidence,"repoDB label is a proxy approved/failed benchmark label. Open Targets support and graph connectivity are evidence features, not clinical truth. Open Targets features missing for this pair. Graph features missing for this pair. PubMed features missing for this pair."
repodb_c58f90d1279788ca,Carvedilol,Chronic heart failure,positive,test,False,False,False,,,,False,,False,False,False,False,,,,,,False,,,,,,,False,False,False,False,,,missing_evidence,"repoDB label is a proxy approved/failed benchmark label. Open Targets support and graph connectivity are evidence features, not clinical truth. Open Targets features missing for this pair. Graph features missing for this pair. PubMed features missing for this pair."
repodb_c60fe1f73e8ba2f9,Sunitinib,cognitive/functional effects,negative_or_failed,test,False,False,False,,,,False,,False,False,False,False,,,,,,False,,,,,,,False,False,False,False,,,missing_evidence,"repoDB label is a proxy approved/failed benchmark label. Open Targets support and graph connectivity are evidence features, not clinical truth. Open Targets features missing for this pair. Graph features missing for this pair. PubMed features missing for this pair."
repodb_c6759e791cc27feb,Bevacizumab,childhood acute myelomonocytic leukemia (M4),negative_or_failed,dev,False,False,False,,,,False,,False,False,False,False,,,,,,False,,,,,,,False,False,False,False,,,missing_evidence,"repoDB label is a proxy approved/failed benchmark label. Open Targets support and graph connectivity are evidence features, not clinical truth. Open Targets features missing for this pair. Graph features missing for this pair. PubMed features missing for this pair."
repodb_c68949267e7c7789,Fusidic Acid,Anthrax disease,positive,dev,False,False,False,,,,False,,False,False,False,False,,,,,,False,,,,,,,False,False,False,False,,,missing_evidence,"repoDB label is a proxy approved/failed benchmark label. Open Targets support and graph connectivity are evidence features, not clinical truth. Open Targets features missing for this pair. Graph features missing for this pair. PubMed features missing for this pair."
repodb_c754f383706a6d70,Quetiapine,Generalized Anxiety Disorder,negative_or_failed,test,False,False,False,,,,False,,False,False,False,False,,,,,,False,,,,,,,False,False,False,False,,,missing_evidence,"repoDB label is a proxy approved/failed benchmark label. Open Targets support and graph connectivity are evidence features, not clinical truth. Open Targets features missing for this pair. Graph features missing for this pair. PubMed features missing for this pair."
repodb_c81514bd5a955c50,Chloral hydrate,Traumatic Brain Injury,negative_or_failed,test,False,False,False,,,,False,,False,False,False,False,,,,,,False,,,,,,,False,False,False,False,,,missing_evidence,"repoDB label is a proxy approved/failed benchmark label. Open Targets support and graph connectivity are evidence features, not clinical truth. Open Targets features missing for this pair. Graph features missing for this pair. PubMed features missing for this pair."
repodb_c9350dac2e4cd58b,Lovastatin,Smith-Lemli-Opitz Syndrome,negative_or_failed,dev,False,False,False,,,,False,,False,False,False,False,,,,,,False,,,,,,,False,False,False,False,,,missing_evidence,"repoDB label is a proxy approved/failed benchmark label. Open Targets support and graph connectivity are evidence features, not clinical truth. Open Targets features missing for this pair. Graph features missing for this pair. PubMed features missing for this pair."
repodb_cd97e8c429559b29,Paclitaxel,Non-small cell lung cancer stage IIIB,negative_or_failed,test,False,False,False,,,,False,,False,False,False,False,,,,,,False,,,,,,,False,False,False,False,,,missing_evidence,"repoDB label is a proxy approved/failed benchmark label. Open Targets support and graph connectivity are evidence features, not clinical truth. Open Targets features missing for this pair. Graph features missing for this pair. PubMed features missing for this pair."
repodb_cef01a21f1e94a46,Bevacizumab,Esophageal Diseases,negative_or_failed,test,False,False,False,,,,False,,False,False,False,False,,,,,,False,,,,,,,False,False,False,False,,,missing_evidence,"repoDB label is a proxy approved/failed benchmark label. Open Targets support and graph connectivity are evidence features, not clinical truth. Open Targets features missing for this pair. Graph features missing for this pair. PubMed features missing for this pair."
repodb_cf67e087044e7cad,Anastrozole,Oestrogen receptor positive breast cancer,negative_or_failed,test,False,False,False,,,,False,,False,False,False,False,,,,,,False,,,,,,,False,False,False,False,,,missing_evidence,"repoDB label is a proxy approved/failed benchmark label. Open Targets support and graph connectivity are evidence features, not clinical truth. Open Targets features missing for this pair. Graph features missing for this pair. PubMed features missing for this pair."
repodb_cfb4e9bbf2a46f6b,Doxepin,Sleeplessness,positive,test,False,False,False,,,,False,,False,False,False,False,,,,,,False,,,,,,,False,False,False,False,,,missing_evidence,"repoDB label is a proxy approved/failed benchmark label. Open Targets support and graph connectivity are evidence features, not clinical truth. Open Targets features missing for this pair. Graph features missing for this pair. PubMed features missing for this pair."
repodb_cfc84ba5d88fc367,Oxiconazole,Tinea Versicolor,positive,test,False,False,False,,,,False,,False,False,False,False,,,,,,False,,,,,,,False,False,False,False,,,missing_evidence,"repoDB label is a proxy approved/failed benchmark label. Open Targets support and graph connectivity are evidence features, not clinical truth. Open Targets features missing for this pair. Graph features missing for this pair. PubMed features missing for this pair."
repodb_d14d2d78780da691,Sunitinib,Chronic lymphocytic leukaemia refractory,negative_or_failed,test,False,False,False,,,,False,,False,False,False,False,,,,,,False,,,,,,,False,False,False,False,,,missing_evidence,"repoDB label is a proxy approved/failed benchmark label. Open Targets support and graph connectivity are evidence features, not clinical truth. Open Targets features missing for this pair. Graph features missing for this pair. PubMed features missing for this pair."
repodb_d1a54e4ae17222d4,Dantrolene,Muscle Spasticity,positive,dev,False,False,False,,,,False,,False,False,False,False,,,,,,False,,,,,,,False,False,False,False,,,missing_evidence,"repoDB label is a proxy approved/failed benchmark label. Open Targets support and graph connectivity are evidence features, not clinical truth. Open Targets features missing for this pair. Graph features missing for this pair. PubMed features missing for this pair."
repodb_d3221e1c851baead,Lenalidomide,Chronic lymphocytic leukaemia stage 4,negative_or_failed,test,False,False,False,,,,False,,False,False,False,False,,,,,,False,,,,,,,False,False,False,False,,,missing_evidence,"repoDB label is a proxy approved/failed benchmark label. Open Targets support and graph connectivity are evidence features, not clinical truth. Open Targets features missing for this pair. Graph features missing for this pair. PubMed features missing for this pair."
repodb_d7e65d6a9cf36e67,Gemcitabine,Solid tumour,negative_or_failed,test,False,False,False,,,,False,,False,False,False,False,,,,,,False,,,,,,,False,False,False,False,,,missing_evidence,"repoDB label is a proxy approved/failed benchmark label. Open Targets support and graph connectivity are evidence features, not clinical truth. Open Targets features missing for this pair. Graph features missing for this pair. PubMed features missing for this pair."
repodb_d86bc3d3ab90c4bf,Hydroxychloroquine,"Kidney Failure, Chronic",negative_or_failed,dev,False,False,False,,,,False,,False,False,False,False,,,,,,False,,,,,,,False,False,False,False,,,missing_evidence,"repoDB label is a proxy approved/failed benchmark label. Open Targets support and graph connectivity are evidence features, not clinical truth. Open Targets features missing for this pair. Graph features missing for this pair. PubMed features missing for this pair."
repodb_d874d109df8db1ac,Everolimus,Recurrent Salivary Gland Cancer,negative_or_failed,test,False,False,False,,,,False,,False,False,False,False,,,,,,False,,,,,,,False,False,False,False,,,missing_evidence,"repoDB label is a proxy approved/failed benchmark label. Open Targets support and graph connectivity are evidence features, not clinical truth. Open Targets features missing for this pair. Graph features missing for this pair. PubMed features missing for this pair."
repodb_d8c083c11faf7605,Trametinib,Stage IVB Colorectal Cancer,negative_or_failed,test,False,False,False,,,,False,,False,False,False,False,,,,,,False,,,,,,,False,False,False,False,,,missing_evidence,"repoDB label is a proxy approved/failed benchmark label. Open Targets support and graph connectivity are evidence features, not clinical truth. Open Targets features missing for this pair. Graph features missing for this pair. PubMed features missing for this pair."
repodb_d8c40b1e86924ab7,Fluorouracil,Superficial basal cell carcinoma,positive,dev,False,False,False,,,,False,,False,False,False,False,,,,,,False,,,,,,,False,False,False,False,,,missing_evidence,"repoDB label is a proxy approved/failed benchmark label. Open Targets support and graph connectivity are evidence features, not clinical truth. Open Targets features missing for this pair. Graph features missing for this pair. PubMed features missing for this pair."
repodb_da84a66ebf1aba76,Minocycline,Bartonella Infections,positive,test,False,False,False,,,,False,,False,False,False,False,,,,,,False,,,,,,,False,False,False,False,,,missing_evidence,"repoDB label is a proxy approved/failed benchmark label. Open Targets support and graph connectivity are evidence features, not clinical truth. Open Targets features missing for this pair. Graph features missing for this pair. PubMed features missing for this pair."
repodb_da928a452f1cd674,Hydrocortisone,Status Asthmaticus,positive,test,False,False,False,,,,False,,False,False,False,False,,,,,,False,,,,,,,False,False,False,False,,,missing_evidence,"repoDB label is a proxy approved/failed benchmark label. Open Targets support and graph connectivity are evidence features, not clinical truth. Open Targets features missing for this pair. Graph features missing for this pair. PubMed features missing for this pair."
repodb_dc8da9df05b298c5,Diphenylpyraline,Rhinorrhea,positive,dev,False,False,False,,,,False,,False,False,False,False,,,,,,False,,,,,,,False,False,False,False,,,missing_evidence,"repoDB label is a proxy approved/failed benchmark label. Open Targets support and graph connectivity are evidence features, not clinical truth. Open Targets features missing for this pair. Graph features missing for this pair. PubMed features missing for this pair."
repodb_dcc2d1f77db96a8c,Rituximab,Non-Hodgkin's lymphoma of central nervous system,negative_or_failed,test,False,False,False,,,,False,,False,False,False,False,,,,,,False,,,,,,,False,False,False,False,,,missing_evidence,"repoDB label is a proxy approved/failed benchmark label. Open Targets support and graph connectivity are evidence features, not clinical truth. Open Targets features missing for this pair. Graph features missing for this pair. PubMed features missing for this pair."
repodb_dd1c83cf6d546e5f,Clofazimine,Pyoderma Gangrenosum,positive,test,False,False,False,,,,False,,False,False,False,False,,,,,,False,,,,,,,False,False,False,False,,,missing_evidence,"repoDB label is a proxy approved/failed benchmark label. Open Targets support and graph connectivity are evidence features, not clinical truth. Open Targets features missing for this pair. Graph features missing for this pair. PubMed features missing for this pair."
repodb_ddb610691fa966e5,Cefapirin,Pneumonia,positive,test,False,False,False,,,,False,,False,False,False,False,,,,,,False,,,,,,,False,False,False,False,,,missing_evidence,"repoDB label is a proxy approved/failed benchmark label. Open Targets support and graph connectivity are evidence features, not clinical truth. Open Targets features missing for this pair. Graph features missing for this pair. PubMed features missing for this pair."
repodb_de0ed53d02a3ca36,Aripiprazole,Schizoaffective Disorder,negative_or_failed,test,False,False,False,,,,False,,False,False,False,False,,,,,,False,,,,,,,False,False,False,False,,,missing_evidence,"repoDB label is a proxy approved/failed benchmark label. Open Targets support and graph connectivity are evidence features, not clinical truth. Open Targets features missing for this pair. Graph features missing for this pair. PubMed features missing for this pair."
repodb_df301e0222197752,Methylscopolamine bromide,"Rhinitis, Vasomotor",positive,dev,False,False,False,,,,False,,False,False,False,False,,,,,,False,,,,,,,False,False,False,False,,,missing_evidence,"repoDB label is a proxy approved/failed benchmark label. Open Targets support and graph connectivity are evidence features, not clinical truth. Open Targets features missing for this pair. Graph features missing for this pair. PubMed features missing for this pair."
repodb_df348120c990d1a5,Cytarabine,"Leukemia, Myelocytic, Acute",positive,test,False,False,False,,,,False,,False,False,False,False,,,,,,False,,,,,,,False,False,False,False,,,missing_evidence,"repoDB label is a proxy approved/failed benchmark label. Open Targets support and graph connectivity are evidence features, not clinical truth. Open Targets features missing for this pair. Graph features missing for this pair. PubMed features missing for this pair."
repodb_e5d61a73a2f1da90,Letrozole,HER-2 positive breast cancer,negative_or_failed,test,False,False,False,,,,False,,False,False,False,False,,,,,,False,,,,,,,False,False,False,False,,,missing_evidence,"repoDB label is a proxy approved/failed benchmark label. Open Targets support and graph connectivity are evidence features, not clinical truth. Open Targets features missing for this pair. Graph features missing for this pair. PubMed features missing for this pair."
repodb_e90a5a7781ce8247,Levofloxacin,Staphylococcus aureus infection,positive,test,False,False,False,,,,False,,False,False,False,False,,,,,,False,,,,,,,False,False,False,False,,,missing_evidence,"repoDB label is a proxy approved/failed benchmark label. Open Targets support and graph connectivity are evidence features, not clinical truth. Open Targets features missing for this pair. Graph features missing for this pair. PubMed features missing for this pair."
repodb_ea13bdf81cb81c92,Salicylic acid,Headache,negative_or_failed,test,False,False,False,,,,False,,False,False,False,False,,,,,,False,,,,,,,False,False,False,False,,,missing_evidence,"repoDB label is a proxy approved/failed benchmark label. Open Targets support and graph connectivity are evidence features, not clinical truth. Open Targets features missing for this pair. Graph features missing for this pair. PubMed features missing for this pair."
repodb_eaad26b440c5983c,Tobramycin,Osteomyelitis due to Staphylococcus aureus,positive,test,False,False,False,,,,False,,False,False,False,False,,,,,,False,,,,,,,False,False,False,False,,,missing_evidence,"repoDB label is a proxy approved/failed benchmark label. Open Targets support and graph connectivity are evidence features, not clinical truth. Open Targets features missing for this pair. Graph features missing for this pair. PubMed features missing for this pair."
repodb_eaf793b6c3299754,Tazobactam,Appendicitis,positive,test,False,False,False,,,,False,,False,False,False,False,,,,,,False,,,,,,,False,False,False,False,,,missing_evidence,"repoDB label is a proxy approved/failed benchmark label. Open Targets support and graph connectivity are evidence features, not clinical truth. Open Targets features missing for this pair. Graph features missing for this pair. PubMed features missing for this pair."
repodb_edb3e916a543733f,Theophylline,Bronchitis,positive,test,False,False,False,,,,False,,False,False,False,False,,,,,,False,,,,,,,False,False,False,False,,,missing_evidence,"repoDB label is a proxy approved/failed benchmark label. Open Targets support and graph connectivity are evidence features, not clinical truth. Open Targets features missing for this pair. Graph features missing for this pair. PubMed features missing for this pair."
repodb_ee6d9eb0e2be784e,Atorvastatin,Hypertensive disease,positive,test,False,False,False,,,,False,,False,False,False,False,,,,,,False,,,,,,,False,False,False,False,,,missing_evidence,"repoDB label is a proxy approved/failed benchmark label. Open Targets support and graph connectivity are evidence features, not clinical truth. Open Targets features missing for this pair. Graph features missing for this pair. PubMed features missing for this pair."
repodb_ef8122c27e6c31c4,Cisplatin,Stage IV Pancreatic Cancer,negative_or_failed,test,False,False,False,,,,False,,False,False,False,False,,,,,,False,,,,,,,False,False,False,False,,,missing_evidence,"repoDB label is a proxy approved/failed benchmark label. Open Targets support and graph connectivity are evidence features, not clinical truth. Open Targets features missing for this pair. Graph features missing for this pair. PubMed features missing for this pair."
repodb_ef889f2b8c5257f4,Amikacin,"Meningitis, Bacterial",positive,dev,False,False,False,,,,False,,False,False,False,False,,,,,,False,,,,,,,False,False,False,False,,,missing_evidence,"repoDB label is a proxy approved/failed benchmark label. Open Targets support and graph connectivity are evidence features, not clinical truth. Open Targets features missing for this pair. Graph features missing for this pair. PubMed features missing for this pair."
repodb_efcda4bbf150968e,Levoleucovorin,signet ring adenocarcinoma of the colon,negative_or_failed,test,False,False,False,,,,False,,False,False,False,False,,,,,,False,,,,,,,False,False,False,False,,,missing_evidence,"repoDB label is a proxy approved/failed benchmark label. Open Targets support and graph connectivity are evidence features, not clinical truth. Open Targets features missing for this pair. Graph features missing for this pair. PubMed features missing for this pair."
repodb_f04090553002a6af,Astemizole,Sneezing,positive,test,False,False,False,,,,False,,False,False,False,False,,,,,,False,,,,,,,False,False,False,False,,,missing_evidence,"repoDB label is a proxy approved/failed benchmark label. Open Targets support and graph connectivity are evidence features, not clinical truth. Open Targets features missing for this pair. Graph features missing for this pair. PubMed features missing for this pair."
repodb_f18d5431ecba3763,Ofloxacin,Klebsiella cystitis,positive,test,False,False,False,,,,False,,False,False,False,False,,,,,,False,,,,,,,False,False,False,False,,,missing_evidence,"repoDB label is a proxy approved/failed benchmark label. Open Targets support and graph connectivity are evidence features, not clinical truth. Open Targets features missing for this pair. Graph features missing for this pair. PubMed features missing for this pair."
repodb_f2b441907911d65b,Paroxetine,Generalized Anxiety Disorder,positive,test,False,False,False,,,,False,,False,False,False,False,,,,,,False,,,,,,,False,False,False,False,,,missing_evidence,"repoDB label is a proxy approved/failed benchmark label. Open Targets support and graph connectivity are evidence features, not clinical truth. Open Targets features missing for this pair. Graph features missing for this pair. PubMed features missing for this pair."
repodb_f4ce92507dec471d,Dorzolamide,"Glaucoma, Open-Angle",positive,test,False,False,False,,,,False,,False,False,False,False,,,,,,False,,,,,,,False,False,False,False,,,missing_evidence,"repoDB label is a proxy approved/failed benchmark label. Open Targets support and graph connectivity are evidence features, not clinical truth. Open Targets features missing for this pair. Graph features missing for this pair. PubMed features missing for this pair."
repodb_f6a69939a4bd7fff,Dicoumarol,Thromboembolism,positive,test,False,False,False,,,,False,,False,False,False,False,,,,,,False,,,,,,,False,False,False,False,,,missing_evidence,"repoDB label is a proxy approved/failed benchmark label. Open Targets support and graph connectivity are evidence features, not clinical truth. Open Targets features missing for this pair. Graph features missing for this pair. PubMed features missing for this pair."
repodb_f993424c9ab2d25d,Hydrocortisone,Pruritus of genital organs,positive,test,False,False,False,,,,False,,False,False,False,False,,,,,,False,,,,,,,False,False,False,False,,,missing_evidence,"repoDB label is a proxy approved/failed benchmark label. Open Targets support and graph connectivity are evidence features, not clinical truth. Open Targets features missing for this pair. Graph features missing for this pair. PubMed features missing for this pair."
repodb_fa66fad890209a54,Metronidazole,"Liver Abscess, Amebic",positive,test,False,False,False,,,,False,,False,False,False,False,,,,,,False,,,,,,,False,False,False,False,,,missing_evidence,"repoDB label is a proxy approved/failed benchmark label. Open Targets support and graph connectivity are evidence features, not clinical truth. Open Targets features missing for this pair. Graph features missing for this pair. PubMed features missing for this pair."
repodb_fc6cab9d35a9ace1,Idarubicin,adult acute myeloblastic leukemia with maturation (M2),negative_or_failed,test,False,False,False,,,,False,,False,False,False,False,,,,,,False,,,,,,,False,False,False,False,,,missing_evidence,"repoDB label is a proxy approved/failed benchmark label. Open Targets support and graph connectivity are evidence features, not clinical truth. Open Targets features missing for this pair. Graph features missing for this pair. PubMed features missing for this pair."
repodb_ff8391e0a793aa91,Clarithromycin,Helicobacter-associated gastritis,positive,test,False,False,False,,,,False,,False,False,False,False,,,,,,False,,,,,,,False,False,False,False,,,missing_evidence,"repoDB label is a proxy approved/failed benchmark label. Open Targets support and graph connectivity are evidence features, not clinical truth. Open Targets features missing for this pair. Graph features missing for this pair. PubMed features missing for this pair."
repodb_ffcda1e7ed3ed873,Sulindac,Rheumatoid Arthritis,positive,test,False,False,False,,,,False,,False,False,False,False,,,,,,False,,,,,,,False,False,False,False,,,missing_evidence,"repoDB label is a proxy approved/failed benchmark label. Open Targets support and graph connectivity are evidence features, not clinical truth. Open Targets features missing for this pair. Graph features missing for this pair. PubMed features missing for this pair."
