pair_id,split
repodb_019230a0310bf50c,dev
repodb_04246cb3a1c31ef7,test
repodb_04ab2c145755011f,test
repodb_04c33e977f1821df,test
repodb_0557bc43eff59f45,dev
repodb_06eb7097e0e99337,test
repodb_074e03e7fac6728e,dev
repodb_093492dbf5eab05f,test
repodb_0a65b90b3ed1bdce,test
repodb_0b6a9edc9d19946a,test
repodb_0b9f9f1795a16598,test
repodb_0cb807513ccfb28d,dev
repodb_0d57eaf7fcf55450,test
repodb_0ee62470d8ffb2ae,test
repodb_0f3a4d1dcb0d3feb,test
repodb_0f5d00f3cf88c277,test
repodb_1122a9139b179012,test
repodb_11528074473e978b,test
repodb_118c436e16e1ab51,test
repodb_130d9194853cab0c,test
repodb_156412c5163a4a0d,dev
repodb_186a003502efb4a4,dev
repodb_1c9fe7093b750409,test
repodb_1ec6c8c3ab8e153d,dev
repodb_1f4ca25eed5d6b3c,test
repodb_1f67590639394d16,dev
repodb_21e452ae84c99058,test
repodb_222be68f2c0e59e2,test
repodb_240d4dcb6f70913a,test
repodb_2436d79d27a90f1c,test
repodb_264af470063c63cf,test
repodb_2755c3883022ca29,test
repodb_2a2ce1ecb2c2ca21,dev
repodb_2a6d55aafa61aa89,test
repodb_2b3e69b88eb6e850,test
repodb_2bbe735fb6b2766c,test
repodb_2d0e801613852c62,test
repodb_2d37699e9d0940af,test
repodb_2df019ef279bf716,dev
repodb_31348d54f6f4cd74,test
repodb_3492a2c7416f136c,test
repodb_34cf4e0d850b0cdf,test
repodb_35faa8a42490d0eb,dev
repodb_3662c26db0147ddc,test
repodb_386a9fa70fbff208,test
repodb_3929968928f5f083,test
repodb_3ab2a1d014ffd529,dev
repodb_3ac2b491643eebc5,test
repodb_3b065d5df2b47d0b,test
repodb_3ed013b16d2870d7,test
repodb_3ff53d7e055f5e72,test
repodb_4271adc473f382ec,test
repodb_44faa762b720227a,test
repodb_45268f37fea8ab64,test
repodb_467a939c846b4c7c,test
repodb_4688ec20774e0ee9,test
repodb_4749a32029b1d907,test
repodb_474bdb2f1ab62ea2,test
repodb_48b2f746f0fb50d2,dev
repodb_495427bf47f9f582,dev
repodb_4b4d9facf2510362,test
repodb_4d741a27deda41d6,test
repodb_4dac06772c9ad5ed,dev
repodb_4e1c3be88349a99b,test
repodb_4e3a88dea61cb998,dev
repodb_4e846c792274ff9f,test
repodb_501b325d181b6967,dev
repodb_534b0cea8f85c409,dev
repodb_55131423e2a264ef,test
repodb_570b3f30db022c20,test
repodb_5766dce408bf3f8f,test
repodb_580e1ac7e68d5d79,test
repodb_5aa2a5321ddc366b,test
repodb_5eee3660fdc4abe9,test
repodb_5f5e48d0f7379318,test
repodb_61e3269e25aaf57a,test
repodb_656f19978d5e8883,test
repodb_6661b82c49403705,dev
repodb_667a25f01294013f,test
repodb_682fb4d4b5f43e7c,test
repodb_6884c00bc2eaf8b7,dev
repodb_6a9ce6dbe45ca743,test
repodb_6b5ca4a47dd543ea,test
repodb_6be992665272425d,test
repodb_6dcc651c159c8408,test
repodb_6fef8c491305788f,test
repodb_70bf5a694771c242,test
repodb_716330415a5c984f,dev
repodb_71afac10c6d661b7,test
repodb_726f5845e6b5e3ef,dev
repodb_76fa1ea3c3ab907d,dev
repodb_783c4b8bc2b7f370,test
repodb_796385530cf82b80,dev
repodb_7b6039d2fd1f3c3d,test
repodb_7bdfc64445a2e900,test
repodb_808f8391b3e8ee11,test
repodb_824a087abbd08983,test
repodb_8296b5f131d15612,test
repodb_82ac65d9eff679b0,test
repodb_8334116d25e373b0,test
repodb_84f6a08cae6ad26e,test
repodb_860c03138a42f367,test
repodb_86f3c759a5588e41,test
repodb_880a34e4a79300ac,test
repodb_8b442e8309bbb97d,test
repodb_8bb30f6d1ea5d13e,dev
repodb_8dcb9018a0fd754d,test
repodb_8e40abec571f365d,test
repodb_90a883f8265ad01e,dev
repodb_9232cc327b95d4e1,test
repodb_92e76d674c3cb14e,test
repodb_93f94ae6cfc1c7b5,test
repodb_947663f51d4e1d54,test
repodb_954be9dd50df35b7,test
repodb_95cb9474b5eb89ee,test
repodb_95df243ed488edc4,test
repodb_962c6dcd13513422,test
repodb_9693fc0d7f97136f,test
repodb_99cbfc97d83fb7f7,test
repodb_9aaec2b25611002c,test
repodb_9ba28aa733f15026,test
repodb_9baf5b556bd86038,test
repodb_9db05c4413619dcf,test
repodb_9ee53098a53b7664,test
repodb_9f36fdeb093bbb35,test
repodb_a0a83ee0b86e89f7,test
repodb_a302c7140d8bb339,test
repodb_a306dcb631ec4f35,test
repodb_a376aa3939beff1f,test
repodb_a7f96c8d6ec8725b,test
repodb_a8d3cb9effa1c801,test
repodb_a92f6eb8e90b5b72,dev
repodb_ab70f7883829e5f6,test
repodb_ad9d3080b5b125d2,test
repodb_afc5e1b286c41d8f,test
repodb_b04b2a6100d1d4ac,test
repodb_b09a2da2d8397c05,test
repodb_b425bc51fff4406a,test
repodb_b492ce9382abd005,dev
repodb_b860211568c2eb69,test
repodb_b86738ff60952e56,test
repodb_b88e7c4af76dfce6,test
repodb_bd28b237ad955080,dev
repodb_bd40b5aaa076fe47,test
repodb_c007885e45ff4081,test
repodb_c05ed3f0d194533f,dev
repodb_c11dfbee24625fbc,test
repodb_c17b2cad9ff11748,test
repodb_c19f227011e2e7aa,dev
repodb_c2b91f8321b091c9,test
repodb_c4bfe3e57dbca1de,test
repodb_c58f90d1279788ca,test
repodb_c60fe1f73e8ba2f9,test
repodb_c6759e791cc27feb,dev
repodb_c68949267e7c7789,dev
repodb_c754f383706a6d70,test
repodb_c81514bd5a955c50,test
repodb_c9350dac2e4cd58b,dev
repodb_cd97e8c429559b29,test
repodb_cef01a21f1e94a46,test
repodb_cf67e087044e7cad,test
repodb_cfb4e9bbf2a46f6b,test
repodb_cfc84ba5d88fc367,test
repodb_d14d2d78780da691,test
repodb_d1a54e4ae17222d4,dev
repodb_d3221e1c851baead,test
repodb_d7e65d6a9cf36e67,test
repodb_d86bc3d3ab90c4bf,dev
repodb_d874d109df8db1ac,test
repodb_d8c083c11faf7605,test
repodb_d8c40b1e86924ab7,dev
repodb_da84a66ebf1aba76,test
repodb_da928a452f1cd674,test
repodb_dc8da9df05b298c5,dev
repodb_dcc2d1f77db96a8c,test
repodb_dd1c83cf6d546e5f,test
repodb_ddb610691fa966e5,test
repodb_de0ed53d02a3ca36,test
repodb_df301e0222197752,dev
repodb_df348120c990d1a5,test
repodb_e5d61a73a2f1da90,test
repodb_e90a5a7781ce8247,test
repodb_ea13bdf81cb81c92,test
repodb_eaad26b440c5983c,test
repodb_eaf793b6c3299754,test
repodb_edb3e916a543733f,test
repodb_ee6d9eb0e2be784e,test
repodb_ef8122c27e6c31c4,test
repodb_ef889f2b8c5257f4,dev
repodb_efcda4bbf150968e,test
repodb_f04090553002a6af,test
repodb_f18d5431ecba3763,test
repodb_f2b441907911d65b,test
repodb_f4ce92507dec471d,test
repodb_f6a69939a4bd7fff,test
repodb_f993424c9ab2d25d,test
repodb_fa66fad890209a54,test
repodb_fc6cab9d35a9ace1,test
repodb_ff8391e0a793aa91,test
repodb_ffcda1e7ed3ed873,test
