pair_id,path_id,path_length,path_nodes,path_relations,path_node_types,graph_source,path_score,status,notes
repodb_06eb7097e0e99337,repodb_06eb7097e0e99337_path_1,1,"[""Demeclocycline"", ""bronchitis""]","[""indication""]","[""drug"", ""disease""]",primekg,1.0,success,Graph path only; not proof of drug efficacy.
repodb_0d57eaf7fcf55450,repodb_0d57eaf7fcf55450_path_1,1,"[""Valproic acid"", ""absence epilepsy""]","[""indication""]","[""drug"", ""disease""]",primekg,1.0,success,Graph path only; not proof of drug efficacy.
repodb_118c436e16e1ab51,repodb_118c436e16e1ab51_path_1,1,"[""Paclitaxel"", ""testicular germ cell tumor""]","[""off-label use""]","[""drug"", ""disease""]",primekg,1.0,success,Graph path only; not proof of drug efficacy.
repodb_118c436e16e1ab51,repodb_118c436e16e1ab51_path_2,2,"[""Paclitaxel"", ""testicular teratoma"", ""testicular germ cell tumor""]","[""off-label use"", ""parent-child""]","[""drug"", ""disease"", ""disease""]",primekg,0.75,success,Graph path only; not proof of drug efficacy.
repodb_1c9fe7093b750409,repodb_1c9fe7093b750409_path_1,1,"[""Voglibose"", ""Gaucher disease""]","[""indication""]","[""drug"", ""disease""]",primekg,1.0,success,Graph path only; not proof of drug efficacy.
repodb_2b3e69b88eb6e850,repodb_2b3e69b88eb6e850_path_1,1,"[""Salicylic acid"", ""rheumatoid arthritis""]","[""indication""]","[""drug"", ""disease""]",primekg,1.0,success,Graph path only; not proof of drug efficacy.
repodb_2b3e69b88eb6e850,repodb_2b3e69b88eb6e850_path_2,2,"[""Salicylic acid"", ""PTGS1"", ""rheumatoid arthritis""]","[""target"", ""associated with""]","[""drug"", ""gene/protein"", ""disease""]",primekg,0.75,success,Graph path only; not proof of drug efficacy.
repodb_2b3e69b88eb6e850,repodb_2b3e69b88eb6e850_path_3,2,"[""Salicylic acid"", ""PTGS2"", ""rheumatoid arthritis""]","[""target"", ""associated with""]","[""drug"", ""gene/protein"", ""disease""]",primekg,0.75,success,Graph path only; not proof of drug efficacy.
repodb_2d37699e9d0940af,repodb_2d37699e9d0940af_path_1,2,"[""Armodafinil"", ""CYP2B6"", ""malignant glioma""]","[""enzyme"", ""associated with""]","[""drug"", ""gene/protein"", ""disease""]",primekg,0.75,success,Graph path only; not proof of drug efficacy.
